Favorite,Underdog,Upset_Prob,Favorite_Elo,Underdog_Elo
Curaçao,Czech Republic,58.0,1516.3,1520.9
Curaçao,South Africa,56.7,1519.5,1520.9
Curaçao,Ecuador,56.6,1515.0,1520.9
Uzbekistan,South Korea,56.6,1537.1,1552.1
Iraq,Australia,56.4,1530.3,1541.1
Haiti,Scotland,56.2,1450.2,1453.6
Curaçao,Mexico,55.9,1509.0,1520.9
Jordan,Algeria,55.5,1553.7,1564.7
Norway,Australia,55.1,1530.3,1544.2
Bosnia and Herzegovina,Mexico,54.8,1509.0,1514.0
Uzbekistan,Mexico,54.7,1509.0,1552.1
Egypt,Iran,54.2,1566.9,1585.1
Uzbekistan,Australia,54.1,1530.3,1552.1
Portugal,Belgium,53.4,1617.2,1633.2
Jordan,Austria,53.2,1562.5,1564.7
Panama,United States,52.9,1463.2,1467.9
Sweden,Australia,52.4,1530.3,1597.6
Sweden,Iran,52.3,1566.9,1597.6
Haiti,Canada,52.2,1449.7,1453.6
Uzbekistan,Norway,51.8,1544.2,1552.1
France,Colombia,51.8,1665.7,1738.6
Cape Verde,Australia,51.3,1530.3,1546.1
Curaçao,Qatar,51.1,1502.0,1520.9
Curaçao,Ghana,51.0,1518.6,1520.9
Egypt,Australia,50.8,1530.3,1585.1
England,Colombia,50.7,1665.7,1680.1
Portugal,Morocco,50.5,1630.1,1633.2
Uzbekistan,Cape Verde,50.5,1546.1,1552.1
Curaçao,Saudi Arabia,50.3,1496.6,1520.9
Cape Verde,Norway,50.3,1544.2,1546.1
Uzbekistan,Iraq,50.3,1541.1,1552.1
Curaçao,Bosnia and Herzegovina,50.2,1514.0,1520.9
France,Netherlands,49.9,1710.3,1738.6
Jordan,Mexico,49.3,1509.0,1564.7
Iraq,Mexico,49.0,1541.1,1509.0
Netherlands,Portugal,48.7,1633.2,1710.3
Ecuador,Mexico,48.4,1509.0,1515.0
France,Germany,48.3,1648.4,1738.6
Sweden,Ivory Coast,47.9,1595.9,1597.6
Bosnia and Herzegovina,Qatar,47.5,1502.0,1514.0
Egypt,Austria,47.4,1562.5,1585.1
Switzerland,Japan,47.3,1598.9,1603.3
Uzbekistan,United States,47.2,1463.2,1552.1
Cape Verde,Mexico,47.2,1546.1,1509.0
Ivory Coast,Iran,47.2,1566.9,1595.9
Ghana,Mexico,47.1,1509.0,1518.6
Cape Verde,United States,47.1,1463.2,1546.1
Iraq,Mexico,47.1,1509.0,1541.1
Sweden,Egypt,47.0,1585.1,1597.6
Cape Verde,Mexico,46.9,1509.0,1546.1
DR Congo,Qatar,46.8,1502.0,1529.6
Jordan,Australia,46.8,1530.3,1564.7
Bosnia and Herzegovina,United States,46.7,1463.2,1514.0
South Africa,Qatar,46.7,1502.0,1519.5
Panama,Scotland,46.5,1450.2,1467.9
Belgium,Iran,46.5,1566.9,1617.2
Brazil,Colombia,46.5,1665.7,1686.7
England,Germany,46.5,1648.4,1680.1
Colombia,Germany,46.4,1665.7,1648.4
Spain,Netherlands,46.4,1777.4,1710.3
Belgium,Japan,46.4,1598.9,1617.2
Spain,Argentina,46.3,1777.4,1758.3
South Africa,Mexico,46.3,1509.0,1519.5
DR Congo,Mexico,46.3,1509.0,1529.6
England,Germany,46.3,1680.1,1648.4
Ghana,Ecuador,46.2,1515.0,1518.6
Uzbekistan,Australia,46.2,1552.1,1530.3
DR Congo,Tunisia,46.1,1528.9,1529.6
Turkey,Qatar,46.1,1525.5,1502.0
Sweden,Algeria,46.1,1553.7,1597.6
DR Congo,Turkey,46.0,1525.5,1529.6
Curaçao,Paraguay,45.9,1488.4,1520.9
Norway,Iraq,45.9,1541.1,1544.2
Uruguay,Portugal,45.8,1633.2,1634.5
New Zealand,United States,45.8,1463.2,1493.6
France,Brazil,45.8,1686.7,1738.6
Panama,United States,45.8,1467.9,1463.2
Iraq,United States,45.7,1463.2,1541.1
Norway,South Korea,45.5,1537.1,1544.2
Scotland,Canada,45.5,1450.2,1449.7
Netherlands,Brazil,45.4,1686.7,1710.3
Czech Republic,Mexico,45.4,1509.0,1516.3
Switzerland,Ivory Coast,45.4,1595.9,1603.3
Netherlands,Germany,45.3,1710.3,1648.4
Belgium,Sweden,45.3,1597.6,1617.2
Ghana,Czech Republic,45.2,1516.3,1518.6
Switzerland,Sweden,45.2,1597.6,1603.3
New Zealand,Scotland,45.2,1450.2,1493.6
Uruguay,Morocco,44.9,1630.1,1634.5
Uzbekistan,Turkey,44.8,1525.5,1552.1
Uzbekistan,DR Congo,44.8,1529.6,1552.1
Panama,Canada,44.8,1467.9,1449.7
Uzbekistan,Qatar,44.7,1502.0,1552.1
Tunisia,Ecuador,44.5,1515.0,1528.9
Belgium,Ivory Coast,44.4,1595.9,1617.2
Cape Verde,South Korea,44.2,1537.1,1546.1
England,Colombia,44.2,1680.1,1665.7
Belgium,Switzerland,44.2,1603.3,1617.2
Belgium,Egypt,44.2,1585.1,1617.2
Jordan,Qatar,44.2,1502.0,1564.7
Curaçao,United States,44.1,1463.2,1520.9
Jordan,Norway,44.1,1544.2,1564.7
Senegal,Portugal,44.1,1633.2,1643.2
Uruguay,Belgium,44.1,1617.2,1634.5
Jordan,United States,44.1,1463.2,1564.7
Senegal,Uruguay,44.0,1634.5,1643.2
Iraq,South Korea,43.9,1537.1,1541.1
Uzbekistan,Mexico,43.7,1552.1,1509.0
Tunisia,Qatar,43.7,1502.0,1528.9
New Zealand,Canada,43.7,1449.7,1493.6
Ivory Coast,Egypt,43.5,1585.1,1595.9
Curaçao,Canada,43.4,1449.7,1520.9
Iraq,Qatar,43.1,1502.0,1541.1
South Africa,Ghana,43.1,1519.5,1518.6
Netherlands,Colombia,43.1,1710.3,1665.7
Brazil,Germany,43.1,1686.7,1648.4
South Africa,Czech Republic,43.0,1516.3,1519.5
Ivory Coast,Australia,43.0,1530.3,1595.9
Japan,Iran,43.0,1598.9,1566.9
Ghana,Qatar,43.0,1502.0,1518.6
South Africa,Ecuador,42.9,1515.0,1519.5
Belgium,Austria,42.9,1562.5,1617.2
Algeria,Australia,42.8,1530.3,1553.7
Netherlands,Belgium,42.7,1617.2,1710.3
Norway,Turkey,42.7,1525.5,1544.2
England,Uruguay,42.6,1634.5,1680.1
Brazil,Germany,42.6,1648.4,1686.7
Algeria,Uzbekistan,42.5,1552.1,1553.7
Brazil,Belgium,42.5,1617.2,1686.7
Portugal,Switzerland,42.5,1603.3,1633.2
Netherlands,Colombia,42.4,1665.7,1710.3
Switzerland,Iran,42.4,1603.3,1566.9
Switzerland,Austria,42.4,1603.3,1562.5
Egypt,Mexico,42.3,1509.0,1585.1
Cape Verde,Qatar,42.3,1502.0,1546.1
Belgium,Australia,42.3,1530.3,1617.2
South Korea,Australia,42.3,1537.1,1530.3
Austria,Australia,42.2,1562.5,1530.3
Mexico,United States,42.2,1509.0,1463.2
Panama,Canada,42.2,1449.7,1467.9
Spain,France,42.2,1777.4,1738.6
Germany,Senegal,42.1,1643.2,1648.4
Jordan,Uzbekistan,42.1,1552.1,1564.7
Sweden,Mexico,41.9,1509.0,1597.6
Paraguay,Scotland,41.9,1450.2,1488.4
Czech Republic,Ecuador,41.8,1515.0,1516.3
New Zealand,Panama,41.7,1493.6,1467.9
Tunisia,Turkey,41.7,1525.5,1528.9
France,England,41.6,1680.1,1738.6
Iraq,Australia,41.4,1541.1,1530.3
Curaçao,Scotland,41.4,1450.2,1520.9
Sweden,Austria,41.3,1562.5,1597.6
Cape Verde,DR Congo,41.3,1529.6,1546.1
DR Congo,Czech Republic,41.1,1516.3,1529.6
Egypt,Algeria,41.0,1553.7,1585.1
Turkey,Czech Republic,41.0,1525.5,1516.3
England,Portugal,40.9,1633.2,1680.1
Netherlands,Uruguay,40.8,1634.5,1710.3
Belgium,Algeria,40.8,1553.7,1617.2
Norway,Mexico,40.8,1509.0,1544.2
Argentina,France,40.8,1738.6,1758.3
Germany,Senegal,40.8,1648.4,1643.2
Tunisia,Mexico,40.7,1509.0,1528.9
France,Netherlands,40.7,1738.6,1710.3
DR Congo,Ecuador,40.7,1515.0,1529.6
Switzerland,Egypt,40.6,1585.1,1603.3
Netherlands,Germany,40.6,1648.4,1710.3
Algeria,Norway,40.6,1544.2,1553.7
Uzbekistan,Saudi Arabia,40.5,1496.6,1552.1
DR Congo,South Africa,40.5,1519.5,1529.6
Norway,DR Congo,40.4,1529.6,1544.2
Colombia,Germany,40.4,1648.4,1665.7
Sweden,United States,40.4,1463.2,1597.6
Curaçao,Ghana,40.3,1520.9,1518.6
England,Morocco,40.3,1630.1,1680.1
Iraq,DR Congo,40.3,1529.6,1541.1
Austria,Algeria,40.2,1553.7,1562.5
Croatia,Japan,40.2,1599.1,1598.9
Sweden,Uzbekistan,40.1,1552.1,1597.6
Brazil,Portugal,40.1,1633.2,1686.7
Sweden,Ecuador,40.1,1515.0,1597.6
Curaçao,Qatar,40.0,1520.9,1502.0
DR Congo,Ghana,40.0,1529.6,1518.6
Senegal,Morocco,39.9,1630.1,1643.2
Japan,Sweden,39.9,1597.6,1598.9
Belgium,Norway,39.9,1544.2,1617.2
Iraq,Tunisia,39.9,1528.9,1541.1
Netherlands,England,39.9,1680.1,1710.3
Paraguay,Canada,39.9,1488.4,1449.7
Algeria,Cape Verde,39.8,1546.1,1553.7
Brazil,Colombia,39.8,1686.7,1665.7
Brazil,Uruguay,39.8,1634.5,1686.7
Netherlands,Senegal,39.8,1643.2,1710.3
Cape Verde,Australia,39.8,1546.1,1530.3
Cape Verde,Iraq,39.7,1541.1,1546.1
Spain,France,39.7,1738.6,1777.4
Ivory Coast,Austria,39.7,1562.5,1595.9
France,Germany,39.6,1738.6,1648.4
Argentina,Netherlands,39.6,1758.3,1710.3
Curaçao,South Africa,39.6,1520.9,1519.5
Iraq,Bosnia and Herzegovina,39.6,1541.1,1514.0
Ecuador,United States,39.5,1515.0,1463.2
Portugal,Egypt,39.5,1585.1,1633.2
Czech Republic,Qatar,39.5,1516.3,1502.0
Egypt,Iran,39.5,1585.1,1566.9
Jordan,Mexico,39.4,1564.7,1509.0
Ivory Coast,Algeria,39.4,1595.9,1553.7
DR Congo,United States,39.4,1463.2,1529.6
Mexico,Qatar,39.3,1502.0,1509.0
New Zealand,Paraguay,39.2,1488.4,1493.6
Qatar,United States,39.2,1502.0,1463.2
Bosnia and Herzegovina,Panama,39.2,1514.0,1467.9
South Africa,Bosnia and Herzegovina,39.2,1519.5,1514.0
Senegal,Belgium,39.2,1617.2,1643.2
Jordan,Cape Verde,39.2,1546.1,1564.7
Ivory Coast,Iran,39.2,1595.9,1566.9
Australia,DR Congo,39.2,1529.6,1530.3
Switzerland,Croatia,39.1,1599.1,1603.3
Netherlands,Brazil,39.1,1710.3,1686.7
Portugal,Iran,39.1,1566.9,1633.2
Uzbekistan,Tunisia,39.1,1528.9,1552.1
England,Belgium,39.1,1617.2,1680.1
Mexico,Qatar,39.0,1509.0,1502.0
Iran,Austria,39.0,1566.9,1562.5
Belgium,South Korea,39.0,1537.1,1617.2
Norway,United States,39.0,1463.2,1544.2
Bosnia and Herzegovina,Mexico,39.0,1514.0,1509.0
Germany,Belgium,39.0,1617.2,1648.4
Spain,Argentina,38.9,1758.3,1777.4
Paraguay,United States,38.9,1463.2,1488.4
Iraq,Turkey,38.8,1525.5,1541.1
Portugal,Japan,38.8,1598.9,1633.2
DR Congo,Ghana,38.8,1518.6,1529.6
DR Congo,Saudi Arabia,38.7,1529.6,1496.6
Switzerland,Japan,38.7,1603.3,1598.9
Uzbekistan,South Africa,38.7,1519.5,1552.1
Egypt,South Korea,38.7,1537.1,1585.1
Bosnia and Herzegovina,United States,38.7,1514.0,1463.2
Germany,Morocco,38.7,1630.1,1648.4
Japan,Ivory Coast,38.6,1595.9,1598.9
Senegal,Uruguay,38.6,1643.2,1634.5
Egypt,Ecuador,38.6,1515.0,1585.1
Brazil,Morocco,38.6,1630.1,1686.7
Brazil,England,38.6,1680.1,1686.7
Jordan,Iraq,38.6,1564.7,1541.1
Netherlands,Morocco,38.5,1630.1,1710.3
New Zealand,Canada,38.5,1493.6,1449.7
Belgium,Croatia,38.5,1599.1,1617.2
Ghana,Bosnia and Herzegovina,38.5,1518.6,1514.0
Morocco,Belgium,38.4,1617.2,1630.1
France,Senegal,38.4,1643.2,1738.6
Haiti,Canada,38.3,1453.6,1449.7
Uruguay,Morocco,38.3,1634.5,1630.1
Spain,Brazil,38.3,1777.4,1686.7
Ivory Coast,Algeria,38.3,1553.7,1595.9
Cape Verde,Saudi Arabia,38.3,1496.6,1546.1
Colombia,Senegal,38.2,1665.7,1643.2
Egypt,Turkey,38.2,1525.5,1585.1
France,Morocco,38.1,1630.1,1738.6
Switzerland,Mexico,38.1,1509.0,1603.3
Tunisia,Ghana,38.1,1518.6,1528.9
Jordan,Iraq,38.1,1541.1,1564.7
Cape Verde,Iraq,38.1,1546.1,1541.1
Croatia,Sweden,38.1,1597.6,1599.1
Sweden,Norway,38.0,1544.2,1597.6
France,Colombia,38.0,1738.6,1665.7
Jordan,DR Congo,38.0,1529.6,1564.7
Austria,Uzbekistan,38.0,1552.1,1562.5
Czech Republic,United States,37.9,1463.2,1516.3
Croatia,Ivory Coast,37.9,1599.1,1595.9
Germany,Portugal,37.9,1633.2,1648.4
Portugal,Austria,37.9,1562.5,1633.2
Sweden,Turkey,37.9,1525.5,1597.6
Turkey,Mexico,37.9,1509.0,1525.5
Uzbekistan,Cape Verde,37.9,1552.1,1546.1
Australia,Turkey,37.8,1525.5,1530.3
France,Portugal,37.8,1633.2,1738.6
Panama,Scotland,37.8,1467.9,1450.2
Senegal,Japan,37.8,1643.2,1598.9
Algeria,Mexico,37.8,1553.7,1509.0
France,England,37.7,1738.6,1680.1
Austria,Australia,37.7,1530.3,1562.5
Tunisia,Qatar,37.7,1528.9,1502.0
Bosnia and Herzegovina,Saudi Arabia,37.7,1496.6,1514.0
Iraq,Czech Republic,37.7,1516.3,1541.1
Iraq,Qatar,37.6,1541.1,1502.0
Jordan,Bosnia and Herzegovina,37.6,1564.7,1514.0
Egypt,United States,37.6,1463.2,1585.1
Uzbekistan,Ecuador,37.6,1515.0,1552.1
Jordan,Ecuador,37.6,1515.0,1564.7
Curaçao,Ecuador,37.5,1520.9,1515.0
Jordan,South Korea,37.5,1537.1,1564.7
Switzerland,Australia,37.5,1530.3,1603.3
Portugal,Morocco,37.5,1633.2,1630.1
Ivory Coast,Ecuador,37.5,1515.0,1595.9
Uzbekistan,Paraguay,37.5,1488.4,1552.1
Iran,South Korea,37.5,1566.9,1537.1
Uzbekistan,United States,37.5,1552.1,1463.2
Ecuador,United States,37.4,1463.2,1515.0
Portugal,Sweden,37.4,1597.6,1633.2
Portugal,Ivory Coast,37.4,1595.9,1633.2
Curaçao,Saudi Arabia,37.4,1520.9,1496.6
DR Congo,South Africa,37.4,1529.6,1519.5
Tunisia,United States,37.4,1463.2,1528.9
Curaçao,United States,37.3,1520.9,1463.2
England,Senegal,37.3,1643.2,1680.1
France,Belgium,37.3,1617.2,1738.6
Morocco,Japan,37.3,1630.1,1598.9
Iraq,Ecuador,37.3,1515.0,1541.1
Argentina,England,37.2,1758.3,1680.1
Jordan,Saudi Arabia,37.2,1496.6,1564.7
Morocco,Croatia,37.2,1630.1,1599.1
Norway,Ghana,37.2,1518.6,1544.2
Cape Verde,Turkey,37.2,1525.5,1546.1
Jordan,Australia,37.2,1564.7,1530.3
Ivory Coast,Egypt,37.1,1595.9,1585.1
Norway,Qatar,37.1,1502.0,1544.2
Ecuador,Qatar,37.1,1515.0,1502.0
Algeria,Australia,37.1,1553.7,1530.3
Ecuador,Bosnia and Herzegovina,37.1,1514.0,1515.0
Norway,Tunisia,37.1,1528.9,1544.2
South Africa,Bosnia and Herzegovina,37.0,1514.0,1519.5
Iraq,Saudi Arabia,37.0,1541.1,1496.6
New Zealand,United States,37.0,1493.6,1463.2
Portugal,Algeria,37.0,1553.7,1633.2
England,Senegal,37.0,1680.1,1643.2
Japan,Austria,36.9,1598.9,1562.5
Croatia,Japan,36.9,1598.9,1599.1
Netherlands,England,36.9,1710.3,1680.1
Turkey,Mexico,36.9,1525.5,1509.0
Argentina,Germany,36.9,1758.3,1648.4
Cape Verde,Tunisia,36.8,1528.9,1546.1
Ivory Coast,Qatar,36.8,1502.0,1595.9
Sweden,Ivory Coast,36.8,1597.6,1595.9
Algeria,Mexico,36.8,1509.0,1553.7
Germany,Japan,36.7,1648.4,1598.9
Japan,Australia,36.7,1598.9,1530.3
New Zealand,Panama,36.7,1467.9,1493.6
Norway,Ecuador,36.7,1515.0,1544.2
Ecuador,Mexico,36.7,1515.0,1509.0
Curaçao,Panama,36.7,1520.9,1467.9
Egypt,Qatar,36.7,1502.0,1585.1
Ghana,Canada,36.7,1449.7,1518.6
Algeria,Qatar,36.7,1502.0,1553.7
Jordan,Algeria,36.6,1564.7,1553.7
Curaçao,New Zealand,36.5,1493.6,1520.9
Ghana,Mexico,36.5,1518.6,1509.0
Brazil,Senegal,36.5,1643.2,1686.7
Jordan,Austria,36.5,1564.7,1562.5
Cape Verde,Paraguay,36.4,1488.4,1546.1
Croatia,Iran,36.4,1599.1,1566.9
South Korea,Mexico,36.4,1537.1,1509.0
South Korea,Turkey,36.4,1537.1,1525.5
Ghana,Qatar,36.4,1518.6,1502.0
Croatia,Ivory Coast,36.4,1595.9,1599.1
Cape Verde,Bosnia and Herzegovina,36.4,1546.1,1514.0
Spain,England,36.3,1777.4,1680.1
Egypt,Jordan,36.3,1564.7,1585.1
Cape Verde,South Africa,36.3,1519.5,1546.1
South Korea,Mexico,36.3,1509.0,1537.1
Cape Verde,Ecuador,36.3,1515.0,1546.1
Uruguay,Japan,36.2,1634.5,1598.9
Portugal,Japan,36.2,1633.2,1598.9
Switzerland,Iran,36.2,1566.9,1603.3
Jordan,Czech Republic,36.2,1516.3,1564.7
Czech Republic,Bosnia and Herzegovina,36.2,1514.0,1516.3
Jordan,Turkey,36.2,1525.5,1564.7
Algeria,Qatar,36.2,1553.7,1502.0
Austria,South Korea,36.1,1562.5,1537.1
Algeria,DR Congo,36.1,1529.6,1553.7
Egypt,Norway,36.1,1544.2,1585.1
Ghana,Saudi Arabia,36.0,1518.6,1496.6
Colombia,Morocco,36.0,1665.7,1630.1
Sweden,Jordan,36.0,1564.7,1597.6
Norway,Czech Republic,36.0,1544.2,1516.3
Sweden,Czech Republic,36.0,1516.3,1597.6
Switzerland,Austria,36.0,1562.5,1603.3
Curaçao,Canada,36.0,1520.9,1449.7
Tunisia,Czech Republic,36.0,1516.3,1528.9
Colombia,Portugal,36.0,1665.7,1633.2
Sweden,Qatar,35.9,1502.0,1597.6
Saudi Arabia,Paraguay,35.9,1496.6,1488.4
Iraq,United States,35.9,1541.1,1463.2
Spain,Brazil,35.9,1686.7,1777.4
France,Uruguay,35.9,1634.5,1738.6
Egypt,DR Congo,35.9,1529.6,1585.1
Curaçao,Mexico,35.9,1520.9,1509.0
Uruguay,Iran,35.8,1634.5,1566.9
Jordan,Cape Verde,35.8,1564.7,1546.1
France,Brazil,35.7,1738.6,1686.7
England,Uruguay,35.7,1680.1,1634.5
Iran,Australia,35.6,1566.9,1530.3
Egypt,Uzbekistan,35.6,1552.1,1585.1
Austria,Mexico,35.6,1562.5,1509.0
Senegal,Morocco,35.6,1643.2,1630.1
Iraq,South Africa,35.6,1519.5,1541.1
Tunisia,Turkey,35.6,1528.9,1525.5
Curaçao,Bosnia and Herzegovina,35.6,1520.9,1514.0
South Korea,Qatar,35.6,1537.1,1502.0
Cape Verde,Czech Republic,35.5,1516.3,1546.1
Bosnia and Herzegovina,Qatar,35.5,1514.0,1502.0
Australia,Tunisia,35.5,1528.9,1530.3
Curaçao,Czech Republic,35.5,1520.9,1516.3
Haiti,Scotland,35.5,1453.6,1450.2
Algeria,South Korea,35.4,1537.1,1553.7
Sweden,DR Congo,35.4,1529.6,1597.6
Ivory Coast,United States,35.4,1463.2,1595.9
Ecuador,Qatar,35.3,1502.0,1515.0
Croatia,Australia,35.3,1530.3,1599.1
Switzerland,Australia,35.3,1603.3,1530.3
Switzerland,Ivory Coast,35.3,1603.3,1595.9
Sweden,Iran,35.2,1597.6,1566.9
DR Congo,Canada,35.2,1449.7,1529.6
Cape Verde,United States,35.2,1546.1,1463.2
Ghana,Czech Republic,35.2,1518.6,1516.3
Czech Republic,United States,35.1,1516.3,1463.2
Qatar,Saudi Arabia,35.1,1496.6,1502.0
Saudi Arabia,Canada,35.1,1496.6,1449.7
Jordan,Paraguay,35.1,1488.4,1564.7
Turkey,Ghana,35.1,1518.6,1525.5
Netherlands,Senegal,35.1,1710.3,1643.2
Argentina,Brazil,35.1,1758.3,1686.7
South Africa,Canada,35.1,1449.7,1519.5
Turkey,Ecuador,35.0,1525.5,1515.0
Norway,South Africa,35.0,1519.5,1544.2
South Korea,Australia,35.0,1530.3,1537.1
Germany,Uruguay,34.9,1634.5,1648.4
Tunisia,Czech Republic,34.9,1528.9,1516.3
Portugal,Australia,34.8,1530.3,1633.2
Czech Republic,Ecuador,34.8,1516.3,1515.0
Netherlands,Morocco,34.8,1710.3,1630.1
Ivory Coast,Mexico,34.8,1509.0,1595.9
Australia,Ecuador,34.8,1530.3,1515.0
Algeria,Czech Republic,34.8,1553.7,1516.3
Cape Verde,Saudi Arabia,34.8,1546.1,1496.6
Norway,Qatar,34.7,1544.2,1502.0
Australia,Mexico,34.7,1509.0,1530.3
Sweden,Tunisia,34.6,1528.9,1597.6
Iran,Austria,34.6,1562.5,1566.9
South Africa,United States,34.6,1463.2,1519.5
DR Congo,Bosnia and Herzegovina,34.6,1514.0,1529.6
Spain,Netherlands,34.6,1710.3,1777.4
Tunisia,South Africa,34.6,1519.5,1528.9
Turkey,South Africa,34.6,1519.5,1525.5
Brazil,England,34.6,1686.7,1680.1
Czech Republic,Qatar,34.5,1502.0,1516.3
Portugal,Croatia,34.5,1599.1,1633.2
Uzbekistan,Czech Republic,34.5,1516.3,1552.1
Bosnia and Herzegovina,Saudi Arabia,34.5,1514.0,1496.6
Australia,Qatar,34.4,1530.3,1502.0
Tunisia,Ecuador,34.4,1528.9,1515.0
Norway,Australia,34.4,1544.2,1530.3
South Africa,Mexico,34.4,1519.5,1509.0
Sweden,South Korea,34.4,1537.1,1597.6
Australia,Mexico,34.3,1530.3,1509.0
Argentina,Colombia,34.3,1758.3,1665.7
Saudi Arabia,Panama,34.3,1496.6,1467.9
Ghana,United States,34.3,1463.2,1518.6
Colombia,Japan,34.3,1665.7,1598.9
Paraguay,United States,34.3,1488.4,1463.2
Turkey,Ecuador,34.3,1515.0,1525.5
Austria,Cape Verde,34.2,1546.1,1562.5
Egypt,Czech Republic,34.2,1516.3,1585.1
Germany,Morocco,34.2,1648.4,1630.1
Iraq,Ghana,34.2,1541.1,1518.6
Iraq,South Africa,34.2,1541.1,1519.5
Australia,Turkey,34.2,1530.3,1525.5
Croatia,Iran,34.1,1566.9,1599.1
Sweden,Egypt,34.1,1597.6,1585.1
Uruguay,Mexico,34.1,1509.0,1634.5
Switzerland,Algeria,34.1,1553.7,1603.3
Spain,Germany,34.1,1777.4,1648.4
Sweden,Cape Verde,34.0,1546.1,1597.6
Algeria,United States,34.0,1463.2,1553.7
Czech Republic,Mexico,34.0,1516.3,1509.0
Curaçao,Panama,34.0,1467.9,1520.9
New Zealand,Paraguay,34.0,1493.6,1488.4
Tunisia,Mexico,34.0,1528.9,1509.0
Jordan,Tunisia,34.0,1528.9,1564.7
Paraguay,Panama,33.9,1488.4,1467.9
Paraguay,Canada,33.9,1449.7,1488.4
Uzbekistan,South Korea,33.9,1552.1,1537.1
Ghana,Scotland,33.7,1450.2,1518.6
Iraq,Turkey,33.7,1541.1,1525.5
England,Morocco,33.7,1680.1,1630.1
Cape Verde,Ghana,33.7,1546.1,1518.6
South Africa,Scotland,33.7,1450.2,1519.5
Jordan,South Africa,33.6,1519.5,1564.7
Turkey,Bosnia and Herzegovina,33.6,1514.0,1525.5
Argentina,France,33.6,1758.3,1738.6
Japan,Ivory Coast,33.6,1598.9,1595.9
Iran,Mexico,33.6,1509.0,1566.9
Morocco,Iran,33.6,1630.1,1566.9
Brazil,Senegal,33.6,1686.7,1643.2
Argentina,Netherlands,33.6,1710.3,1758.3
Iraq,Saudi Arabia,33.6,1496.6,1541.1
Cape Verde,Qatar,33.6,1546.1,1502.0
Turkey,United States,33.5,1463.2,1525.5
Australia,Qatar,33.5,1502.0,1530.3
Ivory Coast,Austria,33.5,1595.9,1562.5
Turkey,United States,33.4,1525.5,1463.2
Ivory Coast,Australia,33.4,1595.9,1530.3
Sweden,Austria,33.4,1597.6,1562.5
South Africa,Saudi Arabia,33.4,1519.5,1496.6
Uzbekistan,Bosnia and Herzegovina,33.3,1514.0,1552.1
South Africa,Qatar,33.3,1519.5,1502.0
Australia,Czech Republic,33.2,1516.3,1530.3
Croatia,Austria,33.2,1599.1,1562.5
Uzbekistan,Bosnia and Herzegovina,33.2,1552.1,1514.0
Algeria,Iraq,33.2,1541.1,1553.7
Austria,Norway,33.2,1544.2,1562.5
Croatia,Australia,33.2,1599.1,1530.3
Algeria,South Korea,33.2,1553.7,1537.1
Colombia,Uruguay,33.2,1665.7,1634.5
Argentina,Brazil,33.1,1686.7,1758.3
South Korea,Ecuador,33.1,1537.1,1515.0
Morocco,Egypt,33.1,1630.1,1585.1
Australia,Ghana,33.1,1518.6,1530.3
Algeria,Turkey,33.1,1553.7,1525.5
Norway,Turkey,33.0,1544.2,1525.5
Germany,Croatia,33.0,1648.4,1599.1
Iran,Algeria,33.0,1553.7,1566.9
Australia,Ecuador,33.0,1515.0,1530.3
Tunisia,Canada,32.9,1528.9,1449.7
Switzerland,United States,32.9,1463.2,1603.3
Australia,South Africa,32.9,1519.5,1530.3
Bosnia and Herzegovina,Canada,32.9,1449.7,1514.0
Iran,Jordan,32.9,1564.7,1566.9
Tunisia,Bosnia and Herzegovina,32.8,1514.0,1528.9
Egypt,Austria,32.8,1585.1,1562.5
Saudi Arabia,United States,32.8,1496.6,1463.2
Uzbekistan,Ghana,32.8,1518.6,1552.1
Norway,Czech Republic,32.8,1516.3,1544.2
Norway,Mexico,32.8,1544.2,1509.0
Egypt,Algeria,32.7,1585.1,1553.7
Jordan,United States,32.7,1564.7,1463.2
Sweden,Ghana,32.7,1518.6,1597.6
Colombia,Belgium,32.7,1617.2,1665.7
United States,Canada,32.7,1463.2,1449.7
Ghana,Bosnia and Herzegovina,32.7,1514.0,1518.6
Saudi Arabia,United States,32.6,1463.2,1496.6
Jordan,Bosnia and Herzegovina,32.6,1514.0,1564.7
Czech Republic,Bosnia and Herzegovina,32.6,1516.3,1514.0
Portugal,Norway,32.6,1544.2,1633.2
Austria,Ecuador,32.6,1562.5,1515.0
Japan,Egypt,32.6,1585.1,1598.9
Bosnia and Herzegovina,Paraguay,32.6,1488.4,1514.0
Brazil,Uruguay,32.6,1686.7,1634.5
Australia,Bosnia and Herzegovina,32.5,1514.0,1530.3
Saudi Arabia,Scotland,32.5,1450.2,1496.6
Qatar,United States,32.5,1463.2,1502.0
Qatar,Canada,32.5,1502.0,1449.7
Cape Verde,Turkey,32.5,1546.1,1525.5
United States,Canada,32.5,1449.7,1463.2
Turkey,Ghana,32.5,1525.5,1518.6
Netherlands,Portugal,32.5,1710.3,1633.2
Jordan,Uzbekistan,32.5,1564.7,1552.1
Algeria,Turkey,32.5,1525.5,1553.7
Austria,United States,32.4,1463.2,1562.5
Cape Verde,Bosnia and Herzegovina,32.4,1514.0,1546.1
Croatia,Mexico,32.4,1509.0,1599.1
Senegal,Portugal,32.4,1643.2,1633.2
Belgium,Japan,32.4,1617.2,1598.9
Paraguay,Scotland,32.4,1488.4,1450.2
Germany,Uruguay,32.4,1648.4,1634.5
Austria,Mexico,32.4,1509.0,1562.5
Japan,Mexico,32.4,1598.9,1509.0
Portugal,Mexico,32.4,1509.0,1633.2
DR Congo,Mexico,32.4,1529.6,1509.0
South Africa,Ghana,32.3,1518.6,1519.5
Iraq,Ghana,32.3,1518.6,1541.1
Bosnia and Herzegovina,Scotland,32.3,1450.2,1514.0
Belgium,Turkey,32.3,1525.5,1617.2
Austria,Ecuador,32.3,1515.0,1562.5
Netherlands,Uruguay,32.3,1710.3,1634.5
Senegal,Croatia,32.3,1643.2,1599.1
Senegal,Iran,32.2,1643.2,1566.9
Algeria,Ecuador,32.2,1515.0,1553.7
DR Congo,Scotland,32.2,1450.2,1529.6
South Korea,United States,32.2,1537.1,1463.2
Switzerland,South Korea,32.2,1537.1,1603.3
Ghana,Canada,32.1,1518.6,1449.7
South Africa,Saudi Arabia,32.1,1496.6,1519.5
South Korea,Turkey,32.1,1525.5,1537.1
Curaçao,Haiti,32.1,1453.6,1520.9
Turkey,Czech Republic,32.1,1516.3,1525.5
South Korea,Ghana,32.0,1518.6,1537.1
Senegal,Ivory Coast,32.0,1643.2,1595.9
DR Congo,Czech Republic,32.0,1529.6,1516.3
Ghana,Saudi Arabia,32.0,1496.6,1518.6
Portugal,Croatia,32.0,1633.2,1599.1
Egypt,Tunisia,32.0,1528.9,1585.1
Iraq,Czech Republic,32.0,1541.1,1516.3
Egypt,Cape Verde,32.0,1546.1,1585.1
Ghana,United States,31.9,1518.6,1463.2
Colombia,Portugal,31.9,1633.2,1665.7
Egypt,Norway,31.9,1585.1,1544.2
Turkey,South Africa,31.9,1525.5,1519.5
Spain,Colombia,31.9,1777.4,1665.7
Iraq,DR Congo,31.8,1541.1,1529.6
Japan,Mexico,31.8,1509.0,1598.9
England,Portugal,31.7,1680.1,1633.2
Ghana,Ecuador,31.7,1518.6,1515.0
Uruguay,Portugal,31.7,1634.5,1633.2
Cape Verde,South Korea,31.7,1546.1,1537.1
Iraq,Paraguay,31.7,1488.4,1541.1
Japan,Qatar,31.6,1598.9,1502.0
Algeria,Norway,31.6,1553.7,1544.2
Switzerland,Egypt,31.5,1603.3,1585.1
Ivory Coast,Jordan,31.5,1564.7,1595.9
Jordan,Turkey,31.5,1564.7,1525.5
Switzerland,Sweden,31.5,1603.3,1597.6
Norway,Bosnia and Herzegovina,31.5,1514.0,1544.2
Austria,Algeria,31.5,1562.5,1553.7
Ivory Coast,Czech Republic,31.5,1516.3,1595.9
Cape Verde,Ghana,31.5,1518.6,1546.1
Iraq,Panama,31.4,1467.9,1541.1
Belgium,Iran,31.4,1617.2,1566.9
Ivory Coast,Turkey,31.4,1525.5,1595.9
France,Uruguay,31.4,1738.6,1634.5
Iraq,Tunisia,31.4,1541.1,1528.9
Japan,Australia,31.3,1530.3,1598.9
Iraq,Bosnia and Herzegovina,31.3,1514.0,1541.1
Uruguay,Iran,31.3,1566.9,1634.5
Austria,Turkey,31.3,1562.5,1525.5
Ivory Coast,Uzbekistan,31.3,1552.1,1595.9
Germany,Croatia,31.3,1599.1,1648.4
South Korea,DR Congo,31.3,1529.6,1537.1
France,Senegal,31.3,1738.6,1643.2
Japan,South Korea,31.3,1537.1,1598.9
Portugal,Iran,31.3,1633.2,1566.9
South Korea,United States,31.3,1463.2,1537.1
DR Congo,Saudi Arabia,31.2,1496.6,1529.6
Cape Verde,South Africa,31.2,1546.1,1519.5
South Africa,Panama,31.2,1519.5,1467.9
Algeria,Tunisia,31.2,1553.7,1528.9
Egypt,Australia,31.2,1585.1,1530.3
Spain,England,31.2,1680.1,1777.4
Uruguay,Switzerland,31.2,1603.3,1634.5
Switzerland,Turkey,31.2,1525.5,1603.3
Colombia,Senegal,31.2,1643.2,1665.7
Algeria,Tunisia,31.1,1528.9,1553.7
Colombia,Morocco,31.1,1630.1,1665.7
Sweden,Turkey,31.1,1597.6,1525.5
Ecuador,Saudi Arabia,31.1,1515.0,1496.6
Sweden,Iraq,31.1,1541.1,1597.6
Uruguay,Switzerland,31.1,1634.5,1603.3
Norway,Iraq,31.1,1544.2,1541.1
Morocco,Switzerland,31.0,1630.1,1603.3
DR Congo,Turkey,31.0,1529.6,1525.5
Uruguay,Ivory Coast,31.0,1595.9,1634.5
Algeria,United States,31.0,1553.7,1463.2
Austria,Turkey,31.0,1525.5,1562.5
Senegal,Austria,31.0,1643.2,1562.5
Croatia,Mexico,31.0,1599.1,1509.0
Algeria,Ecuador,31.0,1553.7,1515.0
Ivory Coast,South Korea,31.0,1537.1,1595.9
Austria,Czech Republic,30.9,1516.3,1562.5
Iraq,South Korea,30.9,1541.1,1537.1
Qatar,Saudi Arabia,30.9,1502.0,1496.6
Croatia,Egypt,30.8,1599.1,1585.1
Jordan,Czech Republic,30.8,1564.7,1516.3
Jordan,South Korea,30.8,1564.7,1537.1
Cape Verde,Czech Republic,30.8,1546.1,1516.3
Portugal,South Korea,30.8,1537.1,1633.2
Ivory Coast,Norway,30.8,1544.2,1595.9
Iran,Mexico,30.7,1566.9,1509.0
Mexico,Saudi Arabia,30.7,1496.6,1509.0
Morocco,Belgium,30.7,1630.1,1617.2
Turkey,Bosnia and Herzegovina,30.7,1525.5,1514.0
Senegal,Mexico,30.7,1509.0,1643.2
Uruguay,Egypt,30.7,1585.1,1634.5
Croatia,Ecuador,30.6,1515.0,1599.1
Croatia,Sweden,30.6,1599.1,1597.6
Croatia,South Korea,30.6,1537.1,1599.1
Egypt,Bosnia and Herzegovina,30.6,1514.0,1585.1
France,Switzerland,30.6,1603.3,1738.6
Iraq,Ecuador,30.6,1541.1,1515.0
Algeria,Ghana,30.6,1518.6,1553.7
Norway,Tunisia,30.6,1544.2,1528.9
Germany,Iran,30.5,1566.9,1648.4
France,Croatia,30.5,1599.1,1738.6
Iran,Ecuador,30.5,1566.9,1515.0
England,Japan,30.5,1598.9,1680.1
DR Congo,Qatar,30.5,1529.6,1502.0
Colombia,Belgium,30.5,1665.7,1617.2
Norway,Panama,30.4,1467.9,1544.2
Japan,Egypt,30.4,1598.9,1585.1
South Africa,Canada,30.4,1519.5,1449.7
New Zealand,Scotland,30.4,1493.6,1450.2
Cape Verde,Norway,30.4,1546.1,1544.2
Belgium,Tunisia,30.4,1528.9,1617.2
Norway,South Korea,30.3,1544.2,1537.1
Croatia,Egypt,30.3,1585.1,1599.1
Senegal,Sweden,30.3,1643.2,1597.6
Algeria,Czech Republic,30.3,1516.3,1553.7
Belgium,Jordan,30.3,1564.7,1617.2
Cape Verde,Panama,30.2,1467.9,1546.1
Spain,Uruguay,30.2,1777.4,1634.5
United States,Scotland,30.2,1463.2,1450.2
DR Congo,Bosnia and Herzegovina,30.2,1529.6,1514.0
Belgium,Croatia,30.2,1617.2,1599.1
Egypt,South Korea,30.2,1585.1,1537.1
Brazil,Portugal,30.2,1686.7,1633.2
England,Croatia,30.1,1599.1,1680.1
Portugal,Ivory Coast,30.1,1633.2,1595.9
Uruguay,Algeria,30.1,1553.7,1634.5
Jordan,Ghana,30.1,1518.6,1564.7
Jordan,Canada,30.0,1449.7,1564.7
Uruguay,Croatia,30.0,1634.5,1599.1
Austria,South Korea,30.0,1537.1,1562.5
Egypt,Czech Republic,30.0,1585.1,1516.3
Sweden,South Africa,30.0,1519.5,1597.6
England,Switzerland,30.0,1603.3,1680.1
Egypt,Mexico,29.9,1585.1,1509.0
Czech Republic,Saudi Arabia,29.9,1516.3,1496.6
Algeria,Bosnia and Herzegovina,29.9,1553.7,1514.0
Uzbekistan,Ghana,29.9,1552.1,1518.6
Germany,Iran,29.9,1648.4,1566.9
Jordan,Norway,29.9,1564.7,1544.2
DR Congo,Tunisia,29.9,1529.6,1528.9
Egypt,Qatar,29.9,1585.1,1502.0
Brazil,Egypt,29.9,1585.1,1686.7
Egypt,Ghana,29.8,1518.6,1585.1
Switzerland,Tunisia,29.8,1528.9,1603.3
England,Japan,29.8,1680.1,1598.9
Senegal,Switzerland,29.8,1643.2,1603.3
Algeria,South Africa,29.8,1519.5,1553.7
Jordan,Ghana,29.8,1564.7,1518.6
Japan,Iran,29.8,1566.9,1598.9
Uzbekistan,Curaçao,29.8,1520.9,1552.1
Ivory Coast,Mexico,29.8,1595.9,1509.0
Japan,Algeria,29.8,1598.9,1553.7
Colombia,Iran,29.8,1665.7,1566.9
Ivory Coast,Bosnia and Herzegovina,29.8,1514.0,1595.9
South Africa,Ecuador,29.8,1519.5,1515.0
Egypt,Iraq,29.7,1541.1,1585.1
Colombia,Uruguay,29.7,1634.5,1665.7
South Africa,Czech Republic,29.7,1519.5,1516.3
Morocco,Ivory Coast,29.7,1630.1,1595.9
Belgium,Iraq,29.6,1541.1,1617.2
Morocco,Australia,29.6,1630.1,1530.3
Germany,Belgium,29.6,1648.4,1617.2
Uruguay,Austria,29.6,1634.5,1562.5
Sweden,Qatar,29.6,1597.6,1502.0
Australia,Saudi Arabia,29.6,1530.3,1496.6
Morocco,Austria,29.6,1630.1,1562.5
Uzbekistan,Iraq,29.5,1552.1,1541.1
South Korea,Ecuador,29.5,1515.0,1537.1
South Korea,Tunisia,29.5,1528.9,1537.1
Belgium,Mexico,29.5,1509.0,1617.2
Senegal,Belgium,29.5,1643.2,1617.2
Australia,United States,29.5,1530.3,1463.2
Switzerland,Mexico,29.5,1603.3,1509.0
Uruguay,Egypt,29.5,1634.5,1585.1
Germany,Ivory Coast,29.5,1595.9,1648.4
Belgium,Cape Verde,29.5,1546.1,1617.2
Ghana,Panama,29.4,1518.6,1467.9
Cape Verde,Ecuador,29.4,1546.1,1515.0
Ecuador,Saudi Arabia,29.4,1496.6,1515.0
South Korea,Panama,29.4,1467.9,1537.1
Austria,Iraq,29.4,1541.1,1562.5
Iran,Ecuador,29.4,1515.0,1566.9
Austria,Qatar,29.4,1502.0,1562.5
Ecuador,Bosnia and Herzegovina,29.3,1515.0,1514.0
Tunisia,United States,29.3,1528.9,1463.2
Iran,Australia,29.3,1530.3,1566.9
Sweden,Algeria,29.3,1597.6,1553.7
Germany,Egypt,29.3,1585.1,1648.4
Brazil,Morocco,29.3,1686.7,1630.1
Croatia,Norway,29.3,1544.2,1599.1
Netherlands,Switzerland,29.2,1603.3,1710.3
DR Congo,Ecuador,29.2,1529.6,1515.0
Uruguay,Japan,29.2,1598.9,1634.5
France,Sweden,29.2,1597.6,1738.6
Algeria,Cape Verde,29.2,1553.7,1546.1
Norway,Paraguay,29.2,1488.4,1544.2
Switzerland,Norway,29.2,1544.2,1603.3
Switzerland,DR Congo,29.2,1529.6,1603.3
Saudi Arabia,New Zealand,29.2,1493.6,1496.6
South Africa,United States,29.2,1519.5,1463.2
Senegal,Japan,29.1,1598.9,1643.2
Qatar,Scotland,29.1,1502.0,1450.2
Portugal,Belgium,29.1,1633.2,1617.2
DR Congo,United States,29.1,1529.6,1463.2
Egypt,Turkey,29.0,1585.1,1525.5
Germany,Sweden,29.0,1597.6,1648.4
Jordan,South Africa,29.0,1564.7,1519.5
Uruguay,Ivory Coast,29.0,1634.5,1595.9
France,Morocco,29.0,1738.6,1630.1
Norway,Ecuador,29.0,1544.2,1515.0
Austria,Paraguay,29.0,1488.4,1562.5
Tunisia,Paraguay,29.0,1488.4,1528.9
Croatia,Algeria,29.0,1553.7,1599.1
South Korea,Czech Republic,29.0,1537.1,1516.3
Jordan,Tunisia,28.9,1564.7,1528.9
Curaçao,Paraguay,28.9,1520.9,1488.4
Croatia,Ghana,28.9,1518.6,1599.1
Norway,Saudi Arabia,28.9,1496.6,1544.2
Spain,Japan,28.8,1777.4,1598.9
Germany,Switzerland,28.8,1603.3,1648.4
Turkey,Panama,28.8,1467.9,1525.5
Egypt,Jordan,28.7,1585.1,1564.7
South Korea,Ghana,28.7,1537.1,1518.6
Bosnia and Herzegovina,Paraguay,28.7,1514.0,1488.4
Ivory Coast,DR Congo,28.7,1529.6,1595.9
Spain,Senegal,28.7,1777.4,1643.2
Jordan,Ecuador,28.6,1564.7,1515.0
Australia,Tunisia,28.6,1530.3,1528.9
Tunisia,Ghana,28.6,1528.9,1518.6
Tunisia,South Africa,28.6,1528.9,1519.5
Tunisia,Saudi Arabia,28.6,1496.6,1528.9
Cape Verde,Tunisia,28.6,1546.1,1528.9
Morocco,Sweden,28.6,1630.1,1597.6
Austria,DR Congo,28.6,1529.6,1562.5
Croatia,Austria,28.6,1562.5,1599.1
Uruguay,Belgium,28.5,1634.5,1617.2
Croatia,DR Congo,28.5,1529.6,1599.1
Jordan,Qatar,28.5,1564.7,1502.0
DR Congo,Panama,28.5,1467.9,1529.6
Egypt,South Africa,28.5,1519.5,1585.1
Belgium,Uzbekistan,28.5,1552.1,1617.2
Brazil,Japan,28.5,1686.7,1598.9
Germany,Portugal,28.5,1648.4,1633.2
Scotland,Canada,28.5,1449.7,1450.2
Uruguay,Sweden,28.4,1597.6,1634.5
Jordan,Scotland,28.4,1450.2,1564.7
France,Egypt,28.4,1585.1,1738.6
Japan,Austria,28.4,1562.5,1598.9
Uruguay,Croatia,28.3,1599.1,1634.5
Belgium,Australia,28.3,1617.2,1530.3
Uruguay,United States,28.3,1463.2,1634.5
Sweden,Bosnia and Herzegovina,28.3,1514.0,1597.6
Tunisia,Bosnia and Herzegovina,28.3,1528.9,1514.0
Switzerland,Croatia,28.3,1603.3,1599.1
Mexico,Canada,28.3,1509.0,1449.7
Japan,Turkey,28.3,1525.5,1598.9
Turkey,Saudi Arabia,28.3,1525.5,1496.6
Curaçao,Scotland,28.3,1520.9,1450.2
Japan,Sweden,28.3,1598.9,1597.6
Iraq,Canada,28.3,1541.1,1449.7
Croatia,Algeria,28.2,1599.1,1553.7
Japan,Norway,28.2,1544.2,1598.9
Uzbekistan,Canada,28.2,1449.7,1552.1
Morocco,Croatia,28.2,1599.1,1630.1
Bosnia and Herzegovina,Canada,28.2,1514.0,1449.7
South Africa,Paraguay,28.2,1488.4,1519.5
Uzbekistan,South Africa,28.1,1552.1,1519.5
DR Congo,Canada,28.1,1529.6,1449.7
Curaçao,New Zealand,28.0,1520.9,1493.6
Ivory Coast,Ghana,28.0,1518.6,1595.9
Japan,South Korea,28.0,1598.9,1537.1
Portugal,Turkey,28.0,1525.5,1633.2
Ghana,Paraguay,28.0,1488.4,1518.6
Netherlands,Japan,28.0,1710.3,1598.9
Australia,Saudi Arabia,28.0,1496.6,1530.3
France,Portugal,28.0,1738.6,1633.2
Switzerland,Jordan,28.0,1564.7,1603.3
Uruguay,Australia,28.0,1530.3,1634.5
Ecuador,Paraguay,28.0,1488.4,1515.0
South Korea,Bosnia and Herzegovina,28.0,1514.0,1537.1
Egypt,Cape Verde,28.0,1585.1,1546.1
England,Egypt,28.0,1585.1,1680.1
Iran,United States,28.0,1566.9,1463.2
South Africa,Panama,28.0,1467.9,1519.5
Uruguay,Austria,28.0,1562.5,1634.5
Colombia,Croatia,27.9,1665.7,1599.1
Belgium,Austria,27.9,1617.2,1562.5
Ivory Coast,Cape Verde,27.9,1546.1,1595.9
Iran,Turkey,27.9,1566.9,1525.5
Uzbekistan,Turkey,27.8,1552.1,1525.5
DR Congo,Paraguay,27.8,1488.4,1529.6
Switzerland,Qatar,27.8,1603.3,1502.0
Uzbekistan,Saudi Arabia,27.8,1552.1,1496.6
Ivory Coast,Tunisia,27.8,1528.9,1595.9
Portugal,Switzerland,27.8,1633.2,1603.3
Japan,Algeria,27.7,1553.7,1598.9
Japan,DR Congo,27.7,1529.6,1598.9
Norway,South Africa,27.7,1544.2,1519.5
Turkey,Saudi Arabia,27.7,1496.6,1525.5
Germany,Switzerland,27.6,1648.4,1603.3
Switzerland,South Korea,27.6,1603.3,1537.1
Sweden,Saudi Arabia,27.6,1496.6,1597.6
Norway,Bosnia and Herzegovina,27.6,1544.2,1514.0
Senegal,Croatia,27.6,1599.1,1643.2
Mexico,Saudi Arabia,27.6,1509.0,1496.6
Senegal,Egypt,27.6,1585.1,1643.2
Uzbekistan,Scotland,27.6,1450.2,1552.1
Qatar,Panama,27.6,1502.0,1467.9
Ghana,Paraguay,27.6,1518.6,1488.4
Norway,Ghana,27.6,1544.2,1518.6
Algeria,Bosnia and Herzegovina,27.5,1514.0,1553.7
Algeria,Iraq,27.5,1553.7,1541.1
Turkey,Qatar,27.5,1502.0,1525.5
Bosnia and Herzegovina,New Zealand,27.5,1514.0,1493.6
Japan,Turkey,27.5,1598.9,1525.5
Portugal,Austria,27.5,1633.2,1562.5
England,Ivory Coast,27.5,1680.1,1595.9
DR Congo,Paraguay,27.5,1529.6,1488.4
Portugal,Sweden,27.5,1633.2,1597.6
Saudi Arabia,New Zealand,27.5,1496.6,1493.6
New Zealand,Haiti,27.4,1493.6,1453.6
Mexico,Paraguay,27.4,1488.4,1509.0
Egypt,Iraq,27.4,1585.1,1541.1
Uzbekistan,New Zealand,27.4,1493.6,1552.1
Norway,United States,27.3,1544.2,1463.2
Brazil,Switzerland,27.3,1603.3,1686.7
Japan,United States,27.3,1463.2,1598.9
Norway,Saudi Arabia,27.3,1544.2,1496.6
Brazil,Sweden,27.3,1597.6,1686.7
Brazil,Ivory Coast,27.3,1595.9,1686.7
Cape Verde,New Zealand,27.2,1493.6,1546.1
Sweden,Mexico,27.2,1597.6,1509.0
France,Japan,27.2,1598.9,1738.6
Ivory Coast,Tunisia,27.2,1595.9,1528.9
Algeria,Saudi Arabia,27.2,1496.6,1553.7
Turkey,Canada,27.2,1449.7,1525.5
Cape Verde,DR Congo,27.2,1546.1,1529.6
Cape Verde,Canada,27.2,1449.7,1546.1
Switzerland,Ecuador,27.2,1515.0,1603.3
Belgium,Qatar,27.1,1502.0,1617.2
Argentina,England,27.1,1680.1,1758.3
Egypt,Saudi Arabia,27.1,1496.6,1585.1
Jordan,New Zealand,27.1,1493.6,1564.7
Australia,United States,27.1,1463.2,1530.3
Uruguay,Sweden,27.1,1634.5,1597.6
Australia,Paraguay,27.1,1488.4,1530.3
South Africa,New Zealand,27.1,1493.6,1519.5
Iran,Norway,27.0,1544.2,1566.9
Austria,United States,27.0,1562.5,1463.2
Iran,Algeria,27.0,1566.9,1553.7
Ivory Coast,Cape Verde,27.0,1595.9,1546.1
France,Iran,27.0,1566.9,1738.6
Argentina,Senegal,27.0,1758.3,1643.2
Australia,Czech Republic,27.0,1530.3,1516.3
Sweden,Australia,27.0,1597.6,1530.3
Portugal,Australia,27.0,1633.2,1530.3
Switzerland,Turkey,27.0,1603.3,1525.5
Senegal,Iran,26.9,1566.9,1643.2
Austria,Ghana,26.9,1518.6,1562.5
Belgium,Ivory Coast,26.9,1617.2,1595.9
France,Austria,26.9,1562.5,1738.6
Cape Verde,Panama,26.9,1546.1,1467.9
Turkey,Paraguay,26.9,1488.4,1525.5
South Korea,DR Congo,26.9,1537.1,1529.6
Uruguay,Australia,26.9,1634.5,1530.3
Belgium,DR Congo,26.9,1529.6,1617.2
Jordan,DR Congo,26.9,1564.7,1529.6
England,Sweden,26.9,1597.6,1680.1
England,Ivory Coast,26.9,1595.9,1680.1
South Korea,South Africa,26.9,1519.5,1537.1
South Korea,Tunisia,26.9,1537.1,1528.9
Mexico,United States,26.8,1463.2,1509.0
France,Ivory Coast,26.8,1595.9,1738.6
Turkey,Canada,26.8,1525.5,1449.7
United States,Scotland,26.8,1450.2,1463.2
Iran,Czech Republic,26.8,1516.3,1566.9
Netherlands,Japan,26.8,1598.9,1710.3
Switzerland,Iraq,26.8,1541.1,1603.3
Saudi Arabia,Canada,26.7,1449.7,1496.6
Portugal,Egypt,26.7,1633.2,1585.1
Senegal,Ivory Coast,26.7,1595.9,1643.2
South Africa,Paraguay,26.7,1519.5,1488.4
Iran,United States,26.7,1463.2,1566.9
Uruguay,South Korea,26.7,1537.1,1634.5
Senegal,Algeria,26.7,1643.2,1553.7
Switzerland,Algeria,26.6,1603.3,1553.7
Tunisia,New Zealand,26.6,1493.6,1528.9
Brazil,Croatia,26.6,1599.1,1686.7
Uzbekistan,Ecuador,26.6,1552.1,1515.0
Czech Republic,Saudi Arabia,26.6,1496.6,1516.3
Argentina,Morocco,26.5,1758.3,1630.1
Jordan,Saudi Arabia,26.5,1564.7,1496.6
Portugal,Tunisia,26.5,1528.9,1633.2
Ivory Coast,Norway,26.5,1595.9,1544.2
Uzbekistan,Qatar,26.5,1552.1,1502.0
Brazil,Japan,26.5,1598.9,1686.7
Czech Republic,Paraguay,26.4,1488.4,1516.3
Morocco,Ivory Coast,26.4,1595.9,1630.1
Iraq,Scotland,26.4,1450.2,1541.1
Iraq,New Zealand,26.4,1493.6,1541.1
Uzbekistan,Czech Republic,26.4,1552.1,1516.3
Iran,Uzbekistan,26.4,1552.1,1566.9
Portugal,Ecuador,26.4,1515.0,1633.2
Morocco,Algeria,26.4,1630.1,1553.7
South Korea,Czech Republic,26.3,1516.3,1537.1
Sweden,Ecuador,26.3,1597.6,1515.0
Netherlands,Croatia,26.3,1599.1,1710.3
Belgium,Ecuador,26.3,1515.0,1617.2
Iran,Qatar,26.2,1566.9,1502.0
Australia,Ghana,26.2,1530.3,1518.6
Uzbekistan,Panama,26.2,1467.9,1552.1
Qatar,Panama,26.2,1467.9,1502.0
Colombia,Egypt,26.2,1585.1,1665.7
DR Congo,New Zealand,26.2,1493.6,1529.6
Netherlands,Egypt,26.2,1585.1,1710.3
Saudi Arabia,Scotland,26.2,1496.6,1450.2
Japan,Ghana,26.2,1518.6,1598.9
South Korea,Paraguay,26.1,1488.4,1537.1
Senegal,Austria,26.1,1562.5,1643.2
Croatia,Turkey,26.1,1525.5,1599.1
Ivory Coast,South Africa,26.1,1519.5,1595.9
DR Congo,Curaçao,26.1,1520.9,1529.6
Spain,Belgium,26.1,1617.2,1777.4
Cape Verde,Scotland,26.1,1450.2,1546.1
Japan,United States,26.0,1598.9,1463.2
Morocco,Switzerland,26.0,1603.3,1630.1
Senegal,Sweden,26.0,1597.6,1643.2
Austria,Bosnia and Herzegovina,26.0,1514.0,1562.5
England,Belgium,26.0,1680.1,1617.2
Cape Verde,Canada,26.0,1546.1,1449.7
Morocco,Australia,26.0,1530.3,1630.1
Netherlands,Belgium,26.0,1710.3,1617.2
Croatia,Uzbekistan,25.9,1552.1,1599.1
Iran,Qatar,25.9,1502.0,1566.9
Norway,DR Congo,25.9,1544.2,1529.6
Belgium,Sweden,25.9,1617.2,1597.6
Croatia,Czech Republic,25.9,1516.3,1599.1
Ivory Coast,Iraq,25.8,1541.1,1595.9
Tunisia,Saudi Arabia,25.8,1528.9,1496.6
Germany,Japan,25.8,1598.9,1648.4
Iraq,Panama,25.8,1541.1,1467.9
Colombia,Ivory Coast,25.8,1595.9,1665.7
Cape Verde,Curaçao,25.8,1520.9,1546.1
South Korea,Qatar,25.7,1502.0,1537.1
Ecuador,Panama,25.7,1467.9,1515.0
Senegal,Australia,25.7,1530.3,1643.2
England,Iran,25.7,1680.1,1566.9
Austria,Czech Republic,25.7,1562.5,1516.3
Ivory Coast,South Korea,25.7,1595.9,1537.1
Uzbekistan,DR Congo,25.6,1552.1,1529.6
Japan,Ecuador,25.6,1515.0,1598.9
Qatar,Paraguay,25.6,1488.4,1502.0
Iraq,Canada,25.6,1449.7,1541.1
Bosnia and Herzegovina,Panama,25.6,1467.9,1514.0
Colombia,Switzerland,25.6,1665.7,1603.3
Portugal,Jordan,25.5,1564.7,1633.2
Portugal,Qatar,25.5,1502.0,1633.2
Japan,Czech Republic,25.5,1598.9,1516.3
Iran,Turkey,25.5,1525.5,1566.9
Argentina,Colombia,25.5,1665.7,1758.3
Portugal,United States,25.5,1463.2,1633.2
Switzerland,Qatar,25.5,1502.0,1603.3
New Zealand,Haiti,25.5,1453.6,1493.6
Ivory Coast,Turkey,25.4,1595.9,1525.5
Austria,Ghana,25.4,1562.5,1518.6
Germany,Ivory Coast,25.4,1648.4,1595.9
Czech Republic,Canada,25.3,1516.3,1449.7
Norway,Canada,25.3,1544.2,1449.7
Saudi Arabia,Haiti,25.3,1496.6,1453.6
Bosnia and Herzegovina,New Zealand,25.3,1493.6,1514.0
Austria,Qatar,25.3,1562.5,1502.0
Portugal,Uzbekistan,25.3,1552.1,1633.2
Ivory Coast,Jordan,25.3,1595.9,1564.7
Ecuador,Paraguay,25.3,1515.0,1488.4
Iran,Paraguay,25.3,1488.4,1566.9
Ghana,New Zealand,25.2,1493.6,1518.6
South Korea,New Zealand,25.2,1493.6,1537.1
Jordan,Panama,25.2,1467.9,1564.7
Spain,Morocco,25.2,1777.4,1630.1
Iran,Cape Verde,25.2,1546.1,1566.9
Saudi Arabia,Paraguay,25.2,1488.4,1496.6
Iran,Czech Republic,25.2,1566.9,1516.3
Austria,Saudi Arabia,25.1,1496.6,1562.5
Germany,Algeria,25.1,1553.7,1648.4
Netherlands,Iran,25.1,1710.3,1566.9
South Korea,South Africa,25.1,1537.1,1519.5
Uruguay,Qatar,25.1,1634.5,1502.0
Japan,Ecuador,25.1,1598.9,1515.0
Germany,Australia,25.1,1530.3,1648.4
Australia,South Africa,25.1,1530.3,1519.5
Iran,Ghana,25.1,1518.6,1566.9
South Africa,New Zealand,25.1,1519.5,1493.6
Morocco,Egypt,25.1,1585.1,1630.1
Switzerland,South Africa,25.0,1519.5,1603.3
DR Congo,New Zealand,25.0,1529.6,1493.6
Croatia,Qatar,25.0,1599.1,1502.0
Jordan,Curaçao,25.0,1520.9,1564.7
Ivory Coast,Ecuador,25.0,1595.9,1515.0
Curaçao,Haiti,25.0,1520.9,1453.6
Qatar,Canada,24.9,1449.7,1502.0
Algeria,DR Congo,24.9,1553.7,1529.6
Belgium,Egypt,24.9,1617.2,1585.1
United States,Haiti,24.9,1453.6,1463.2
Saudi Arabia,Panama,24.9,1467.9,1496.6
Ivory Coast,Czech Republic,24.9,1595.9,1516.3
Tunisia,Panama,24.9,1467.9,1528.9
Iraq,Curaçao,24.8,1520.9,1541.1
Qatar,Paraguay,24.8,1502.0,1488.4
Algeria,South Africa,24.8,1553.7,1519.5
Argentina,Uruguay,24.8,1758.3,1634.5
Belgium,Switzerland,24.8,1617.2,1603.3
Australia,Panama,24.7,1467.9,1530.3
Switzerland,Ghana,24.7,1518.6,1603.3
Senegal,Egypt,24.7,1643.2,1585.1
Qatar,Haiti,24.7,1502.0,1453.6
Czech Republic,Panama,24.7,1516.3,1467.9
Iran,DR Congo,24.6,1529.6,1566.9
Czech Republic,Paraguay,24.6,1516.3,1488.4
Ivory Coast,Uzbekistan,24.6,1595.9,1552.1
South Korea,Saudi Arabia,24.6,1537.1,1496.6
Sweden,United States,24.6,1597.6,1463.2
Colombia,Austria,24.6,1665.7,1562.5
Croatia,Qatar,24.6,1502.0,1599.1
Spain,Mexico,24.6,1777.4,1509.0
Czech Republic,New Zealand,24.5,1493.6,1516.3
France,South Korea,24.5,1537.1,1738.6
Germany,Mexico,24.5,1509.0,1648.4
Australia,DR Congo,24.5,1530.3,1529.6
Croatia,South Africa,24.5,1519.5,1599.1
Brazil,Ivory Coast,24.5,1686.7,1595.9
Brazil,Belgium,24.4,1686.7,1617.2
Croatia,Tunisia,24.4,1528.9,1599.1
Austria,Tunisia,24.4,1528.9,1562.5
Uzbekistan,Norway,24.4,1552.1,1544.2
Japan,Tunisia,24.4,1528.9,1598.9
Morocco,Sweden,24.4,1597.6,1630.1
Algeria,Canada,24.3,1553.7,1449.7
Turkey,New Zealand,24.3,1493.6,1525.5
Egypt,Ecuador,24.3,1585.1,1515.0
Morocco,Japan,24.3,1598.9,1630.1
Croatia,United States,24.3,1463.2,1599.1
Iran,South Korea,24.3,1537.1,1566.9
Netherlands,Sweden,24.2,1597.6,1710.3
Egypt,United States,24.2,1585.1,1463.2
Sweden,Jordan,24.2,1597.6,1564.7
Uruguay,Algeria,24.2,1634.5,1553.7
Japan,Czech Republic,24.2,1516.3,1598.9
Turkey,Scotland,24.2,1450.2,1525.5
Qatar,New Zealand,24.2,1493.6,1502.0
Colombia,Switzerland,24.1,1603.3,1665.7
Egypt,Paraguay,24.1,1488.4,1585.1
Panama,Haiti,24.1,1453.6,1467.9
France,Japan,24.1,1738.6,1598.9
Sweden,Czech Republic,24.1,1597.6,1516.3
Belgium,South Africa,24.1,1519.5,1617.2
Jordan,Canada,24.1,1564.7,1449.7
Sweden,Saudi Arabia,24.0,1597.6,1496.6
Uzbekistan,Canada,24.0,1552.1,1449.7
Algeria,Uzbekistan,24.0,1553.7,1552.1
Ivory Coast,United States,24.0,1595.9,1463.2
Germany,Austria,24.0,1648.4,1562.5
Belgium,Ghana,24.0,1518.6,1617.2
Ivory Coast,Saudi Arabia,24.0,1496.6,1595.9
Senegal,Mexico,24.0,1643.2,1509.0
France,Norway,24.0,1544.2,1738.6
Uruguay,Norway,23.9,1544.2,1634.5
Spain,Portugal,23.9,1777.4,1633.2
Spain,Iran,23.9,1777.4,1566.9
France,Austria,23.9,1738.6,1562.5
Switzerland,Czech Republic,23.9,1516.3,1603.3
Czech Republic,Panama,23.8,1467.9,1516.3
Colombia,Ivory Coast,23.8,1665.7,1595.9
Switzerland,Uzbekistan,23.8,1552.1,1603.3
Algeria,Ghana,23.8,1553.7,1518.6
Croatia,Turkey,23.8,1599.1,1525.5
Morocco,Iran,23.8,1566.9,1630.1
Turkey,Haiti,23.8,1453.6,1525.5
Mexico,Paraguay,23.7,1509.0,1488.4
Spain,Croatia,23.7,1777.4,1599.1
Croatia,Jordan,23.7,1564.7,1599.1
Croatia,United States,23.7,1599.1,1463.2
France,Tunisia,23.7,1528.9,1738.6
Morocco,Algeria,23.7,1553.7,1630.1
Belgium,Czech Republic,23.7,1516.3,1617.2
Jordan,Panama,23.7,1564.7,1467.9
Austria,South Africa,23.7,1519.5,1562.5
Japan,Uzbekistan,23.7,1552.1,1598.9
Mexico,Panama,23.7,1467.9,1509.0
Brazil,Algeria,23.6,1553.7,1686.7
Colombia,Sweden,23.6,1597.6,1665.7
Algeria,Paraguay,23.6,1488.4,1553.7
Austria,South Africa,23.6,1562.5,1519.5
Iraq,Paraguay,23.6,1541.1,1488.4
Uruguay,Turkey,23.6,1525.5,1634.5
Japan,Tunisia,23.6,1598.9,1528.9
Uruguay,United States,23.5,1634.5,1463.2
DR Congo,Haiti,23.5,1453.6,1529.6
France,Iran,23.5,1738.6,1566.9
Japan,South Africa,23.5,1519.5,1598.9
England,Austria,23.5,1680.1,1562.5
Spain,Switzerland,23.4,1777.4,1603.3
Netherlands,Ivory Coast,23.4,1595.9,1710.3
Croatia,Bosnia and Herzegovina,23.4,1514.0,1599.1
Australia,Canada,23.3,1449.7,1530.3
Iran,Jordan,23.3,1566.9,1564.7
Portugal,Algeria,23.3,1633.2,1553.7
Tunisia,Canada,23.3,1449.7,1528.9
Iran,Bosnia and Herzegovina,23.3,1514.0,1566.9
Senegal,Australia,23.3,1643.2,1530.3
Turkey,Scotland,23.3,1525.5,1450.2
Morocco,Qatar,23.3,1630.1,1502.0
Switzerland,Ecuador,23.3,1603.3,1515.0
Ivory Coast,Qatar,23.3,1595.9,1502.0
Brazil,Austria,23.3,1686.7,1562.5
Paraguay,Panama,23.3,1467.9,1488.4
Germany,South Korea,23.3,1537.1,1648.4
Portugal,Qatar,23.3,1633.2,1502.0
Turkey,Curaçao,23.2,1520.9,1525.5
Panama,Haiti,23.2,1467.9,1453.6
Iran,South Africa,23.2,1519.5,1566.9
Tunisia,Curaçao,23.2,1520.9,1528.9
Paraguay,Haiti,23.2,1488.4,1453.6
Switzerland,Czech Republic,23.2,1603.3,1516.3
Ecuador,New Zealand,23.2,1493.6,1515.0
Ecuador,Canada,23.2,1515.0,1449.7
Croatia,Iraq,23.2,1541.1,1599.1
Morocco,Turkey,23.1,1630.1,1525.5
Brazil,Iran,23.1,1686.7,1566.9
Argentina,Iran,23.1,1758.3,1566.9
Spain,Belgium,23.1,1777.4,1617.2
Egypt,Saudi Arabia,23.1,1585.1,1496.6
Iran,Saudi Arabia,23.0,1496.6,1566.9
Brazil,Iran,23.0,1566.9,1686.7
Senegal,Switzerland,23.0,1603.3,1643.2
Tunisia,Haiti,23.0,1453.6,1528.9
Netherlands,Switzerland,23.0,1710.3,1603.3
England,Croatia,23.0,1680.1,1599.1
Switzerland,United States,23.0,1603.3,1463.2
Senegal,Algeria,22.9,1553.7,1643.2
Colombia,Croatia,22.9,1599.1,1665.7
Belgium,Qatar,22.9,1617.2,1502.0
Senegal,Turkey,22.9,1643.2,1525.5
Spain,Austria,22.9,1777.4,1562.5
Germany,Austria,22.9,1562.5,1648.4
Japan,DR Congo,22.8,1598.9,1529.6
Sweden,Norway,22.8,1597.6,1544.2
England,Egypt,22.8,1680.1,1585.1
Belgium,United States,22.8,1463.2,1617.2
Portugal,DR Congo,22.8,1529.6,1633.2
Senegal,United States,22.8,1643.2,1463.2
Morocco,Mexico,22.7,1630.1,1509.0
Iran,Tunisia,22.7,1528.9,1566.9
Brazil,Australia,22.7,1530.3,1686.7
Japan,Qatar,22.7,1502.0,1598.9
Colombia,Egypt,22.6,1665.7,1585.1
Ivory Coast,Canada,22.6,1595.9,1449.7
Croatia,Cape Verde,22.6,1546.1,1599.1
Senegal,Qatar,22.6,1643.2,1502.0
England,Algeria,22.6,1553.7,1680.1
Ecuador,Canada,22.6,1449.7,1515.0
Portugal,United States,22.6,1633.2,1463.2
Spain,Portugal,22.6,1633.2,1777.4
Brazil,Austria,22.6,1562.5,1686.7
Germany,Sweden,22.5,1648.4,1597.6
Switzerland,Cape Verde,22.5,1546.1,1603.3
Argentina,Portugal,22.5,1758.3,1633.2
Tunisia,Scotland,22.5,1450.2,1528.9
Egypt,Uzbekistan,22.5,1585.1,1552.1
Japan,Saudi Arabia,22.5,1598.9,1496.6
France,Australia,22.4,1738.6,1530.3
Sweden,Cape Verde,22.4,1597.6,1546.1
Paraguay,Haiti,22.4,1453.6,1488.4
England,Qatar,22.4,1680.1,1502.0
Sweden,Paraguay,22.4,1488.4,1597.6
Netherlands,United States,22.4,1710.3,1463.2
Spain,Ivory Coast,22.4,1777.4,1595.9
Colombia,Australia,22.4,1665.7,1530.3
South Korea,Bosnia and Herzegovina,22.4,1537.1,1514.0
Mexico,Canada,22.4,1449.7,1509.0
Czech Republic,Canada,22.4,1449.7,1516.3
Austria,Iraq,22.3,1562.5,1541.1
Japan,Canada,22.3,1598.9,1449.7
Egypt,Bosnia and Herzegovina,22.3,1585.1,1514.0
Uzbekistan,Tunisia,22.3,1552.1,1528.9
England,Austria,22.3,1562.5,1680.1
France,Australia,22.3,1530.3,1738.6
Turkey,Panama,22.3,1525.5,1467.9
Colombia,Japan,22.2,1598.9,1665.7
Belgium,Turkey,22.2,1617.2,1525.5
Ivory Coast,DR Congo,22.2,1595.9,1529.6
Iran,Norway,22.2,1566.9,1544.2
Portugal,Mexico,22.2,1633.2,1509.0
Argentina,Germany,22.1,1648.4,1758.3
Sweden,South Africa,22.1,1597.6,1519.5
Uzbekistan,Panama,22.1,1552.1,1467.9
Portugal,Czech Republic,22.1,1516.3,1633.2
Japan,Jordan,22.1,1564.7,1598.9
England,Sweden,22.1,1680.1,1597.6
Ivory Coast,Iraq,22.0,1595.9,1541.1
Colombia,United States,22.0,1665.7,1463.2
Spain,Egypt,22.0,1777.4,1585.1
Morocco,Austria,22.0,1562.5,1630.1
Spain,Sweden,22.0,1777.4,1597.6
Sweden,Bosnia and Herzegovina,22.0,1597.6,1514.0
Senegal,United States,21.9,1463.2,1643.2
Uzbekistan,Curaçao,21.9,1552.1,1520.9
Sweden,Iraq,21.9,1597.6,1541.1
Australia,Bosnia and Herzegovina,21.9,1530.3,1514.0
Portugal,Czech Republic,21.9,1633.2,1516.3
Brazil,Croatia,21.9,1686.7,1599.1
Senegal,South Korea,21.9,1643.2,1537.1
Argentina,Portugal,21.8,1633.2,1758.3
Croatia,Czech Republic,21.8,1599.1,1516.3
Cape Verde,Curaçao,21.8,1546.1,1520.9
Austria,Bosnia and Herzegovina,21.7,1562.5,1514.0
Iran,Tunisia,21.7,1566.9,1528.9
France,Ecuador,21.7,1515.0,1738.6
Brazil,Sweden,21.7,1686.7,1597.6
Netherlands,Algeria,21.6,1553.7,1710.3
Netherlands,Croatia,21.6,1710.3,1599.1
Switzerland,Jordan,21.6,1603.3,1564.7
Austria,Norway,21.6,1562.5,1544.2
Australia,Curaçao,21.6,1520.9,1530.3
Argentina,Austria,21.6,1758.3,1562.5
Algeria,Panama,21.6,1467.9,1553.7
Japan,Norway,21.6,1598.9,1544.2
Japan,Ghana,21.5,1598.9,1518.6
South Korea,Curaçao,21.5,1520.9,1537.1
Algeria,Saudi Arabia,21.5,1553.7,1496.6
France,Algeria,21.5,1553.7,1738.6
Tunisia,Paraguay,21.5,1528.9,1488.4
Colombia,Australia,21.5,1530.3,1665.7
Ghana,Scotland,21.5,1518.6,1450.2
Uruguay,Turkey,21.4,1634.5,1525.5
France,Turkey,21.4,1525.5,1738.6
Sweden,Ghana,21.4,1597.6,1518.6
Ivory Coast,Saudi Arabia,21.4,1595.9,1496.6
DR Congo,Curaçao,21.4,1529.6,1520.9
Switzerland,Bosnia and Herzegovina,21.4,1514.0,1603.3
Portugal,Turkey,21.4,1633.2,1525.5
Egypt,DR Congo,21.3,1585.1,1529.6
Argentina,Japan,21.3,1758.3,1598.9
Colombia,Sweden,21.3,1665.7,1597.6
Morocco,South Korea,21.3,1630.1,1537.1
Argentina,Belgium,21.3,1758.3,1617.2
Brazil,Qatar,21.3,1686.7,1502.0
Ecuador,Panama,21.3,1515.0,1467.9
Argentina,Belgium,21.3,1617.2,1758.3
Colombia,Iran,21.3,1566.9,1665.7
Belgium,Mexico,21.2,1617.2,1509.0
Morocco,Norway,21.2,1630.1,1544.2
Germany,Norway,21.2,1544.2,1648.4
England,Australia,21.2,1530.3,1680.1
Sweden,South Korea,21.2,1597.6,1537.1
Brazil,South Korea,21.2,1537.1,1686.7
England,Iran,21.2,1566.9,1680.1
Sweden,DR Congo,21.2,1597.6,1529.6
Senegal,Norway,21.1,1544.2,1643.2
Uruguay,Mexico,21.1,1634.5,1509.0
Iran,Iraq,21.1,1541.1,1566.9
Ghana,New Zealand,21.1,1518.6,1493.6
Austria,Saudi Arabia,21.1,1562.5,1496.6
Australia,New Zealand,21.1,1493.6,1530.3
Norway,New Zealand,21.1,1493.6,1544.2
Turkey,Paraguay,21.1,1525.5,1488.4
Japan,Cape Verde,21.0,1598.9,1546.1
Argentina,Croatia,21.0,1758.3,1599.1
Colombia,Mexico,21.0,1509.0,1665.7
Senegal,Turkey,21.0,1525.5,1643.2
Belgium,Algeria,21.0,1617.2,1553.7
Germany,Egypt,21.0,1648.4,1585.1
Iraq,New Zealand,20.9,1541.1,1493.6
Qatar,Haiti,20.9,1453.6,1502.0
Morocco,Tunisia,20.9,1630.1,1528.9
United States,Haiti,20.9,1463.2,1453.6
France,Algeria,20.9,1738.6,1553.7
Spain,Colombia,20.9,1665.7,1777.4
Austria,Tunisia,20.9,1562.5,1528.9
Austria,DR Congo,20.9,1562.5,1529.6
Uruguay,Qatar,20.9,1502.0,1634.5
Australia,Scotland,20.9,1450.2,1530.3
Algeria,New Zealand,20.9,1493.6,1553.7
Netherlands,Norway,20.8,1544.2,1710.3
Netherlands,Iran,20.8,1566.9,1710.3
Egypt,Tunisia,20.8,1585.1,1528.9
Brazil,Norway,20.8,1544.2,1686.7
Uruguay,DR Congo,20.8,1529.6,1634.5
Spain,Norway,20.8,1777.4,1544.2
Austria,Cape Verde,20.8,1562.5,1546.1
Spain,United States,20.8,1777.4,1463.2
Colombia,Algeria,20.7,1553.7,1665.7
Netherlands,Czech Republic,20.7,1710.3,1516.3
Netherlands,Mexico,20.7,1710.3,1509.0
Bosnia and Herzegovina,Scotland,20.7,1514.0,1450.2
Uruguay,Ecuador,20.7,1515.0,1634.5
Switzerland,Tunisia,20.6,1603.3,1528.9
Egypt,South Africa,20.6,1585.1,1519.5
Portugal,Cape Verde,20.6,1546.1,1633.2
Germany,Turkey,20.6,1525.5,1648.4
South Korea,Canada,20.6,1537.1,1449.7
Japan,South Africa,20.6,1598.9,1519.5
Netherlands,Ivory Coast,20.6,1710.3,1595.9
Australia,Paraguay,20.6,1530.3,1488.4
Colombia,Mexico,20.6,1665.7,1509.0
Uruguay,Jordan,20.6,1564.7,1634.5
Qatar,Scotland,20.5,1450.2,1502.0
Spain,Qatar,20.5,1777.4,1502.0
Spain,Australia,20.5,1777.4,1530.3
Belgium,Ecuador,20.5,1617.2,1515.0
Ghana,Panama,20.5,1467.9,1518.6
Portugal,Ecuador,20.5,1633.2,1515.0
England,Switzerland,20.5,1680.1,1603.3
Brazil,Tunisia,20.5,1528.9,1686.7
Belgium,Czech Republic,20.4,1617.2,1516.3
France,Turkey,20.4,1738.6,1525.5
Spain,Turkey,20.4,1777.4,1525.5
Brazil,Switzerland,20.4,1686.7,1603.3
France,Ivory Coast,20.4,1738.6,1595.9
Norway,Curaçao,20.4,1520.9,1544.2
Iran,South Africa,20.4,1566.9,1519.5
Portugal,Norway,20.4,1633.2,1544.2
Australia,Canada,20.4,1530.3,1449.7
Iran,Bosnia and Herzegovina,20.4,1566.9,1514.0
England,United States,20.4,1680.1,1463.2
South Korea,Saudi Arabia,20.3,1496.6,1537.1
Uruguay,Tunisia,20.3,1528.9,1634.5
Egypt,Canada,20.3,1585.1,1449.7
Iraq,Scotland,20.2,1541.1,1450.2
Morocco,Czech Republic,20.2,1630.1,1516.3
Iran,Ghana,20.2,1566.9,1518.6
Switzerland,Saudi Arabia,20.2,1603.3,1496.6
Iran,DR Congo,20.2,1566.9,1529.6
Portugal,Iraq,20.1,1541.1,1633.2
Senegal,South Korea,20.1,1537.1,1643.2
Japan,Cape Verde,20.1,1546.1,1598.9
Sweden,Canada,20.1,1597.6,1449.7
Ivory Coast,Bosnia and Herzegovina,20.1,1595.9,1514.0
Mexico,Scotland,20.1,1509.0,1450.2
Senegal,Jordan,20.0,1564.7,1643.2
Morocco,Norway,20.0,1544.2,1630.1
Japan,Jordan,20.0,1598.9,1564.7
